"REF_DATE","GEO","DGUID","North American Industry Classification System (NAICS)","Enterprise size","Types of innovation","UOM","UOM_ID","SCALAR_FACTOR","SCALAR_ID","VECTOR","COORDINATE","VALUE","STATUS","SYMBOL","TERMINATED","DECIMALS"
"2020/2022","Canada","2016A000011124","Total, all surveyed industries","Total, all enterprise sizes","Innovative","Percent","239","units","0","v1271939676","1.1.1.1","71.9","A","","","1"
"2020/2022","Canada","2016A000011124","Total, all surveyed industries","Total, all enterprise sizes","Product (good or service) innovation","Percent","239","units","0","v1271939677","1.1.1.2","46.6","A","","","1"
"2020/2022","Canada","2016A000011124","Total, all surveyed industries","Total, all enterprise sizes","Business process innovation","Percent","239","units","0","v1271939680","1.1.1.5","63.0","A","","","1"
"2020/2022","Canada","2016A000011124","Total, all surveyed industries","Total, all enterprise sizes","Non-innovative","Percent","239","units","0","v1271939687","1.1.1.12","28.1","A","","","1"
"2020/2022","Canada","2016A000011124","Agriculture, forestry, fishing and hunting [11]","Total, all enterprise sizes","Innovative","Percent","239","units","0","v1271939724","1.2.1.1","50.9","B","","","1"
"2020/2022","Canada","2016A000011124","Agriculture, forestry, fishing and hunting [11]","Total, all enterprise sizes","Product (good or service) innovation","Percent","239","units","0","v1271939725","1.2.1.2","19.6","B","","","1"
"2020/2022","Canada","2016A000011124","Agriculture, forestry, fishing and hunting [11]","Total, all enterprise sizes","Business process innovation","Percent","239","units","0","v1271939728","1.2.1.5","47.4","B","","","1"
"2020/2022","Canada","2016A000011124","Agriculture, forestry, fishing and hunting [11]","Total, all enterprise sizes","Non-innovative","Percent","239","units","0","v1271939735","1.2.1.12","49.1","B","","","1"
"2020/2022","Canada","2016A000011124","Mining, quarrying, and oil and gas extraction [21]","Total, all enterprise sizes","Innovative","Percent","239","units","0","v1271939772","1.3.1.1","61.0","B","","","1"
"2020/2022","Canada","2016A000011124","Mining, quarrying, and oil and gas extraction [21]","Total, all enterprise sizes","Product (good or service) innovation","Percent","239","units","0","v1271939773","1.3.1.2","31.0","B","","","1"
"2020/2022","Canada","2016A000011124","Mining, quarrying, and oil and gas extraction [21]","Total, all enterprise sizes","Business process innovation","Percent","239","units","0","v1271939776","1.3.1.5","57.5","B","","","1"
"2020/2022","Canada","2016A000011124","Mining, quarrying, and oil and gas extraction [21]","Total, all enterprise sizes","Non-innovative","Percent","239","units","0","v1271939783","1.3.1.12","39.0","B","","","1"
"2020/2022","Canada","2016A000011124","Oil and gas extraction [211]","Total, all enterprise sizes","Innovative","Percent","239","units","0","v1271939820","1.4.1.1","69.0","B","","","1"
"2020/2022","Canada","2016A000011124","Oil and gas extraction [211]","Total, all enterprise sizes","Product (good or service) innovation","Percent","239","units","0","v1271939821","1.4.1.2","15.3","B","","","1"
"2020/2022","Canada","2016A000011124","Oil and gas extraction [211]","Total, all enterprise sizes","Business process innovation","Percent","239","units","0","v1271939824","1.4.1.5","68.2","B","","","1"
"2020/2022","Canada","2016A000011124","Oil and gas extraction [211]","Total, all enterprise sizes","Non-innovative","Percent","239","units","0","v1271939831","1.4.1.12","31.0","B","","","1"
"2020/2022","Canada","2016A000011124","Mining and quarrying (except oil and gas) [212]","Total, all enterprise sizes","Innovative","Percent","239","units","0","v1271939868","1.5.1.1","52.6","B","","","1"
"2020/2022","Canada","2016A000011124","Mining and quarrying (except oil and gas) [212]","Total, all enterprise sizes","Product (good or service) innovation","Percent","239","units","0","v1271939869","1.5.1.2","26.5","B","","","1"
"2020/2022","Canada","2016A000011124","Mining and quarrying (except oil and gas) [212]","Total, all enterprise sizes","Business process innovation","Percent","239","units","0","v1271939872","1.5.1.5","46.7","B","","","1"
"2020/2022","Canada","2016A000011124","Mining and quarrying (except oil and gas) [212]","Total, all enterprise sizes","Non-innovative","Percent","239","units","0","v1271939879","1.5.1.12","47.4","B","","","1"
"2020/2022","Canada","2016A000011124","Support activities for mining and oil and gas extraction [213]","Total, all enterprise sizes","Innovative","Percent","239","units","0","v1271939916","1.6.1.1","62.0","B","","","1"
"2020/2022","Canada","2016A000011124","Support activities for mining and oil and gas extraction [213]","Total, all enterprise sizes","Product (good or service) innovation","Percent","239","units","0","v1271939917","1.6.1.2","35.9","B","","","1"
"2020/2022","Canada","2016A000011124","Support activities for mining and oil and gas extraction [213]","Total, all enterprise sizes","Business process innovation","Percent","239","units","0","v1271939920","1.6.1.5","58.9","B","","","1"
"2020/2022","Canada","2016A000011124","Support activities for mining and oil and gas extraction [213]","Total, all enterprise sizes","Non-innovative","Percent","239","units","0","v1271939927","1.6.1.12","38.0","B","","","1"
"2020/2022","Canada","2016A000011124","Utilities [22]","Total, all enterprise sizes","Innovative","Percent","239","units","0","v1271939964","1.7.1.1","72.6","B","","","1"
"2020/2022","Canada","2016A000011124","Utilities [22]","Total, all enterprise sizes","Product (good or service) innovation","Percent","239","units","0","v1271939965","1.7.1.2","30.8","B","","","1"
"2020/2022","Canada","2016A000011124","Utilities [22]","Total, all enterprise sizes","Business process innovation","Percent","239","units","0","v1271939968","1.7.1.5","65.3","B","","","1"
"2020/2022","Canada","2016A000011124","Utilities [22]","Total, all enterprise sizes","Non-innovative","Percent","239","units","0","v1271939975","1.7.1.12","27.4","B","","","1"
"2020/2022","Canada","2016A000011124","Construction [23]","Total, all enterprise sizes","Innovative","Percent","239","units","0","v1271940012","1.8.1.1","74.4","B","","","1"
"2020/2022","Canada","2016A000011124","Construction [23]","Total, all enterprise sizes","Product (good or service) innovation","Percent","239","units","0","v1271940013","1.8.1.2","42.7","B","","","1"
"2020/2022","Canada","2016A000011124","Construction [23]","Total, all enterprise sizes","Business process innovation","Percent","239","units","0","v1271940016","1.8.1.5","64.6","B","","","1"
"2020/2022","Canada","2016A000011124","Construction [23]","Total, all enterprise sizes","Non-innovative","Percent","239","units","0","v1271940023","1.8.1.12","25.6","B","","","1"
"2020/2022","Canada","2016A000011124","Manufacturing [31-33]","Total, all enterprise sizes","Innovative","Percent","239","units","0","v1271940060","1.9.1.1","72.0","A","","","1"
"2020/2022","Canada","2016A000011124","Manufacturing [31-33]","Total, all enterprise sizes","Product (good or service) innovation","Percent","239","units","0","v1271940061","1.9.1.2","46.4","A","","","1"
"2020/2022","Canada","2016A000011124","Manufacturing [31-33]","Total, all enterprise sizes","Business process innovation","Percent","239","units","0","v1271940064","1.9.1.5","64.1","A","","","1"
"2020/2022","Canada","2016A000011124","Manufacturing [31-33]","Total, all enterprise sizes","Non-innovative","Percent","239","units","0","v1271940071","1.9.1.12","28.0","A","","","1"
"2020/2022","Canada","2016A000011124","Food manufacturing [311]","Total, all enterprise sizes","Innovative","Percent","239","units","0","v1271940108","1.10.1.1","67.4","B","","","1"
"2020/2022","Canada","2016A000011124","Food manufacturing [311]","Total, all enterprise sizes","Product (good or service) innovation","Percent","239","units","0","v1271940109","1.10.1.2","34.9","B","","","1"
"2020/2022","Canada","2016A000011124","Food manufacturing [311]","Total, all enterprise sizes","Business process innovation","Percent","239","units","0","v1271940112","1.10.1.5","56.9","B","","","1"
"2020/2022","Canada","2016A000011124","Food manufacturing [311]","Total, all enterprise sizes","Non-innovative","Percent","239","units","0","v1271940119","1.10.1.12","32.6","B","","","1"
"2020/2022","Canada","2016A000011124","Seafood product preparation and packaging [3117]","Total, all enterprise sizes","Innovative","Percent","239","units","0","v1579200625","1.96.1.1","57.0","B","","","1"
"2020/2022","Canada","2016A000011124","Seafood product preparation and packaging [3117]","Total, all enterprise sizes","Product (good or service) innovation","Percent","239","units","0","v1579200626","1.96.1.2","27.2","B","","","1"
"2020/2022","Canada","2016A000011124","Seafood product preparation and packaging [3117]","Total, all enterprise sizes","Business process innovation","Percent","239","units","0","v1579200629","1.96.1.5","47.4","B","","","1"
"2020/2022","Canada","2016A000011124","Seafood product preparation and packaging [3117]","Total, all enterprise sizes","Non-innovative","Percent","239","units","0","v1579200636","1.96.1.12","43.0","B","","","1"
"2020/2022","Canada","2016A000011124","Other food manufacturing","Total, all enterprise sizes","Innovative","Percent","239","units","0","v1579200673","1.97.1.1","68.6","B","","","1"
"2020/2022","Canada","2016A000011124","Other food manufacturing","Total, all enterprise sizes","Product (good or service) innovation","Percent","239","units","0","v1579200674","1.97.1.2","35.8","B","","","1"
"2020/2022","Canada","2016A000011124","Other food manufacturing","Total, all enterprise sizes","Business process innovation","Percent","239","units","0","v1579200677","1.97.1.5","57.9","B","","","1"
"2020/2022","Canada","2016A000011124","Other food manufacturing","Total, all enterprise sizes","Non-innovative","Percent","239","units","0","v1579200684","1.97.1.12","31.4","B","","","1"
"2020/2022","Canada","2016A000011124","Beverage and tobacco product manufacturing [312]","Total, all enterprise sizes","Innovative","Percent","239","units","0","v1271940156","1.11.1.1","84.7","B","","","1"
"2020/2022","Canada","2016A000011124","Beverage and tobacco product manufacturing [312]","Total, all enterprise sizes","Product (good or service) innovation","Percent","239","units","0","v1271940157","1.11.1.2","74.0","B","","","1"
"2020/2022","Canada","2016A000011124","Beverage and tobacco product manufacturing [312]","Total, all enterprise sizes","Business process innovation","Percent","239","units","0","v1271940160","1.11.1.5","71.1","B","","","1"
"2020/2022","Canada","2016A000011124","Beverage and tobacco product manufacturing [312]","Total, all enterprise sizes","Non-innovative","Percent","239","units","0","v1271940167","1.11.1.12","15.3","B","","","1"
"2020/2022","Canada","2016A000011124","Textile and textile product mills, clothing and leather and allied product manufacturing","Total, all enterprise sizes","Innovative","Percent","239","units","0","v1271940204","1.12.1.1","75.8","B","","","1"
"2020/2022","Canada","2016A000011124","Textile and textile product mills, clothing and leather and allied product manufacturing","Total, all enterprise sizes","Product (good or service) innovation","Percent","239","units","0","v1271940205","1.12.1.2","54.8","B","","","1"
"2020/2022","Canada","2016A000011124","Textile and textile product mills, clothing and leather and allied product manufacturing","Total, all enterprise sizes","Business process innovation","Percent","239","units","0","v1271940208","1.12.1.5","66.3","B","","","1"
"2020/2022","Canada","2016A000011124","Textile and textile product mills, clothing and leather and allied product manufacturing","Total, all enterprise sizes","Non-innovative","Percent","239","units","0","v1271940215","1.12.1.12","24.2","B","","","1"
"2020/2022","Canada","2016A000011124","Wood product manufacturing [321]","Total, all enterprise sizes","Innovative","Percent","239","units","0","v1271940252","1.13.1.1","65.4","B","","","1"
"2020/2022","Canada","2016A000011124","Wood product manufacturing [321]","Total, all enterprise sizes","Product (good or service) innovation","Percent","239","units","0","v1271940253","1.13.1.2","24.6","B","","","1"
"2020/2022","Canada","2016A000011124","Wood product manufacturing [321]","Total, all enterprise sizes","Business process innovation","Percent","239","units","0","v1271940256","1.13.1.5","60.3","B","","","1"
"2020/2022","Canada","2016A000011124","Wood product manufacturing [321]","Total, all enterprise sizes","Non-innovative","Percent","239","units","0","v1271940263","1.13.1.12","34.6","B","","","1"
"2020/2022","Canada","2016A000011124","Paper manufacturing [322]","Total, all enterprise sizes","Innovative","Percent","239","units","0","v1271940300","1.14.1.1","72.7","B","","","1"
"2020/2022","Canada","2016A000011124","Paper manufacturing [322]","Total, all enterprise sizes","Product (good or service) innovation","Percent","239","units","0","v1271940301","1.14.1.2","33.5","B","","","1"
"2020/2022","Canada","2016A000011124","Paper manufacturing [322]","Total, all enterprise sizes","Business process innovation","Percent","239","units","0","v1271940304","1.14.1.5","66.6","B","","","1"
"2020/2022","Canada","2016A000011124","Paper manufacturing [322]","Total, all enterprise sizes","Non-innovative","Percent","239","units","0","v1271940311","1.14.1.12","27.3","B","","","1"
"2020/2022","Canada","2016A000011124","Printing and related support activities [323]","Total, all enterprise sizes","Innovative","Percent","239","units","0","v1271940348","1.15.1.1","67.9","B","","","1"
"2020/2022","Canada","2016A000011124","Printing and related support activities [323]","Total, all enterprise sizes","Product (good or service) innovation","Percent","239","units","0","v1271940349","1.15.1.2","44.6","B","","","1"
"2020/2022","Canada","2016A000011124","Printing and related support activities [323]","Total, all enterprise sizes","Business process innovation","Percent","239","units","0","v1271940352","1.15.1.5","57.9","B","","","1"
"2020/2022","Canada","2016A000011124","Printing and related support activities [323]","Total, all enterprise sizes","Non-innovative","Percent","239","units","0","v1271940359","1.15.1.12","32.1","B","","","1"
"2020/2022","Canada","2016A000011124","Petroleum and coal product manufacturing [324]","Total, all enterprise sizes","Innovative","Percent","239","units","0","v1271940396","1.16.1.1","88.6","C","","","1"
"2020/2022","Canada","2016A000011124","Petroleum and coal product manufacturing [324]","Total, all enterprise sizes","Product (good or service) innovation","Percent","239","units","0","v1271940397","1.16.1.2","55.4","E","","","1"
"2020/2022","Canada","2016A000011124","Petroleum and coal product manufacturing [324]","Total, all enterprise sizes","Business process innovation","Percent","239","units","0","v1271940400","1.16.1.5","83.0","C","","","1"
"2020/2022","Canada","2016A000011124","Petroleum and coal product manufacturing [324]","Total, all enterprise sizes","Non-innovative","Percent","239","units","0","v1271940407","1.16.1.12","11.4","C","","","1"
"2020/2022","Canada","2016A000011124","Chemical manufacturing [325]","Total, all enterprise sizes","Innovative","Percent","239","units","0","v1271940444","1.17.1.1","79.0","B","","","1"
"2020/2022","Canada","2016A000011124","Chemical manufacturing [325]","Total, all enterprise sizes","Product (good or service) innovation","Percent","239","units","0","v1271940445","1.17.1.2","63.4","B","","","1"
"2020/2022","Canada","2016A000011124","Chemical manufacturing [325]","Total, all enterprise sizes","Business process innovation","Percent","239","units","0","v1271940448","1.17.1.5","67.2","B","","","1"
"2020/2022","Canada","2016A000011124","Chemical manufacturing [325]","Total, all enterprise sizes","Non-innovative","Percent","239","units","0","v1271940455","1.17.1.12","21.0","B","","","1"
"2020/2022","Canada","2016A000011124","Pharmaceutical and medicine manufacturing [3254]","Total, all enterprise sizes","Innovative","Percent","239","units","0","v1271940492","1.18.1.1","91.2","B","","","1"
"2020/2022","Canada","2016A000011124","Pharmaceutical and medicine manufacturing [3254]","Total, all enterprise sizes","Product (good or service) innovation","Percent","239","units","0","v1271940493","1.18.1.2","80.0","B","","","1"
"2020/2022","Canada","2016A000011124","Pharmaceutical and medicine manufacturing [3254]","Total, all enterprise sizes","Business process innovation","Percent","239","units","0","v1271940496","1.18.1.5","82.0","B","","","1"
"2020/2022","Canada","2016A000011124","Pharmaceutical and medicine manufacturing [3254]","Total, all enterprise sizes","Non-innovative","Percent","239","units","0","v1271940503","1.18.1.12","8.8","B","","","1"
"2020/2022","Canada","2016A000011124","All other chemical manufacturing","Total, all enterprise sizes","Innovative","Percent","239","units","0","v1271940540","1.19.1.1","74.8","B","","","1"
"2020/2022","Canada","2016A000011124","All other chemical manufacturing","Total, all enterprise sizes","Product (good or service) innovation","Percent","239","units","0","v1271940541","1.19.1.2","57.7","B","","","1"
"2020/2022","Canada","2016A000011124","All other chemical manufacturing","Total, all enterprise sizes","Business process innovation","Percent","239","units","0","v1271940544","1.19.1.5","62.2","B","","","1"
"2020/2022","Canada","2016A000011124","All other chemical manufacturing","Total, all enterprise sizes","Non-innovative","Percent","239","units","0","v1271940551","1.19.1.12","25.2","B","","","1"
"2020/2022","Canada","2016A000011124","Plastics and rubber products manufacturing [326]","Total, all enterprise sizes","Innovative","Percent","239","units","0","v1271940588","1.20.1.1","75.7","B","","","1"
"2020/2022","Canada","2016A000011124","Plastics and rubber products manufacturing [326]","Total, all enterprise sizes","Product (good or service) innovation","Percent","239","units","0","v1271940589","1.20.1.2","54.8","B","","","1"
"2020/2022","Canada","2016A000011124","Plastics and rubber products manufacturing [326]","Total, all enterprise sizes","Business process innovation","Percent","239","units","0","v1271940592","1.20.1.5","65.2","B","","","1"
"2020/2022","Canada","2016A000011124","Plastics and rubber products manufacturing [326]","Total, all enterprise sizes","Non-innovative","Percent","239","units","0","v1271940599","1.20.1.12","24.3","B","","","1"
"2020/2022","Canada","2016A000011124","Plastic product manufacturing [3261]","Total, all enterprise sizes","Innovative","Percent","239","units","0","v1271940636","1.21.1.1","75.4","B","","","1"
"2020/2022","Canada","2016A000011124","Plastic product manufacturing [3261]","Total, all enterprise sizes","Product (good or service) innovation","Percent","239","units","0","v1271940637","1.21.1.2","54.4","B","","","1"
"2020/2022","Canada","2016A000011124","Plastic product manufacturing [3261]","Total, all enterprise sizes","Business process innovation","Percent","239","units","0","v1271940640","1.21.1.5","64.6","B","","","1"
"2020/2022","Canada","2016A000011124","Plastic product manufacturing [3261]","Total, all enterprise sizes","Non-innovative","Percent","239","units","0","v1271940647","1.21.1.12","24.6","B","","","1"
"2020/2022","Canada","2016A000011124","Motor vehicle plastic parts manufacturing [326193]","Total, all enterprise sizes","Innovative","Percent","239","units","0","v1271940684","1.22.1.1","78.9","E","","","1"
"2020/2022","Canada","2016A000011124","Motor vehicle plastic parts manufacturing [326193]","Total, all enterprise sizes","Product (good or service) innovation","Percent","239","units","0","v1271940685","1.22.1.2","50.5","E","","","1"
"2020/2022","Canada","2016A000011124","Motor vehicle plastic parts manufacturing [326193]","Total, all enterprise sizes","Business process innovation","Percent","239","units","0","v1271940688","1.22.1.5","76.0","E","","","1"
"2020/2022","Canada","2016A000011124","Motor vehicle plastic parts manufacturing [326193]","Total, all enterprise sizes","Non-innovative","Percent","239","units","0","v1271940695","1.22.1.12","21.1","E","","","1"
"2020/2022","Canada","2016A000011124","All other plastic product manufacturing","Total, all enterprise sizes","Innovative","Percent","239","units","0","v1271940732","1.23.1.1","75.2","B","","","1"
"2020/2022","Canada","2016A000011124","All other plastic product manufacturing","Total, all enterprise sizes","Product (good or service) innovation","Percent","239","units","0","v1271940733","1.23.1.2","54.7","B","","","1"
"2020/2022","Canada","2016A000011124","All other plastic product manufacturing","Total, all enterprise sizes","Business process innovation","Percent","239","units","0","v1271940736","1.23.1.5","63.8","B","","","1"
"2020/2022","Canada","2016A000011124","All other plastic product manufacturing","Total, all enterprise sizes","Non-innovative","Percent","239","units","0","v1271940743","1.23.1.12","24.8","B","","","1"
"2020/2022","Canada","2016A000011124","Rubber product manufacturing [3262]","Total, all enterprise sizes","Innovative","Percent","239","units","0","v1271940780","1.24.1.1","78.2","B","","","1"
"2020/2022","Canada","2016A000011124","Rubber product manufacturing [3262]","Total, all enterprise sizes","Product (good or service) innovation","Percent","239","units","0","v1271940781","1.24.1.2","57.7","B","","","1"
"2020/2022","Canada","2016A000011124","Rubber product manufacturing [3262]","Total, all enterprise sizes","Business process innovation","Percent","239","units","0","v1271940784","1.24.1.5","70.3","B","","","1"
"2020/2022","Canada","2016A000011124","Rubber product manufacturing [3262]","Total, all enterprise sizes","Non-innovative","Percent","239","units","0","v1271940791","1.24.1.12","21.8","B","","","1"
"2020/2022","Canada","2016A000011124","Non-metallic mineral product manufacturing [327]","Total, all enterprise sizes","Innovative","Percent","239","units","0","v1271940828","1.25.1.1","67.3","B","","","1"
"2020/2022","Canada","2016A000011124","Non-metallic mineral product manufacturing [327]","Total, all enterprise sizes","Product (good or service) innovation","Percent","239","units","0","v1271940829","1.25.1.2","43.6","B","","","1"
"2020/2022","Canada","2016A000011124","Non-metallic mineral product manufacturing [327]","Total, all enterprise sizes","Business process innovation","Percent","239","units","0","v1271940832","1.25.1.5","60.3","B","","","1"
"2020/2022","Canada","2016A000011124","Non-metallic mineral product manufacturing [327]","Total, all enterprise sizes","Non-innovative","Percent","239","units","0","v1271940839","1.25.1.12","32.7","B","","","1"
"2020/2022","Canada","2016A000011124","Primary metal manufacturing [331]","Total, all enterprise sizes","Innovative","Percent","239","units","0","v1271940876","1.26.1.1","60.1","B","","","1"
"2020/2022","Canada","2016A000011124","Primary metal manufacturing [331]","Total, all enterprise sizes","Product (good or service) innovation","Percent","239","units","0","v1271940877","1.26.1.2","31.4","B","","","1"
"2020/2022","Canada","2016A000011124","Primary metal manufacturing [331]","Total, all enterprise sizes","Business process innovation","Percent","239","units","0","v1271940880","1.26.1.5","53.8","B","","","1"
"2020/2022","Canada","2016A000011124","Primary metal manufacturing [331]","Total, all enterprise sizes","Non-innovative","Percent","239","units","0","v1271940887","1.26.1.12","39.9","B","","","1"
"2020/2022","Canada","2016A000011124","Fabricated metal product manufacturing [332]","Total, all enterprise sizes","Innovative","Percent","239","units","0","v1271940924","1.27.1.1","61.0","B","","","1"
"2020/2022","Canada","2016A000011124","Fabricated metal product manufacturing [332]","Total, all enterprise sizes","Product (good or service) innovation","Percent","239","units","0","v1271940925","1.27.1.2","33.2","B","","","1"
"2020/2022","Canada","2016A000011124","Fabricated metal product manufacturing [332]","Total, all enterprise sizes","Business process innovation","Percent","239","units","0","v1271940928","1.27.1.5","56.8","B","","","1"
"2020/2022","Canada","2016A000011124","Fabricated metal product manufacturing [332]","Total, all enterprise sizes","Non-innovative","Percent","239","units","0","v1271940935","1.27.1.12","39.0","B","","","1"
"2020/2022","Canada","2016A000011124","Machinery manufacturing [333]","Total, all enterprise sizes","Innovative","Percent","239","units","0","v1271940972","1.28.1.1","76.2","B","","","1"
"2020/2022","Canada","2016A000011124","Machinery manufacturing [333]","Total, all enterprise sizes","Product (good or service) innovation","Percent","239","units","0","v1271940973","1.28.1.2","58.7","B","","","1"
"2020/2022","Canada","2016A000011124","Machinery manufacturing [333]","Total, all enterprise sizes","Business process innovation","Percent","239","units","0","v1271940976","1.28.1.5","70.7","B","","","1"
"2020/2022","Canada","2016A000011124","Machinery manufacturing [333]","Total, all enterprise sizes","Non-innovative","Percent","239","units","0","v1271940983","1.28.1.12","23.8","B","","","1"
"2020/2022","Canada","2016A000011124","Computer and electronic product manufacturing [334]","Total, all enterprise sizes","Innovative","Percent","239","units","0","v1271941020","1.29.1.1","84.5","B","","","1"
"2020/2022","Canada","2016A000011124","Computer and electronic product manufacturing [334]","Total, all enterprise sizes","Product (good or service) innovation","Percent","239","units","0","v1271941021","1.29.1.2","70.9","B","","","1"
"2020/2022","Canada","2016A000011124","Computer and electronic product manufacturing [334]","Total, all enterprise sizes","Business process innovation","Percent","239","units","0","v1271941024","1.29.1.5","75.8","B","","","1"
"2020/2022","Canada","2016A000011124","Computer and electronic product manufacturing [334]","Total, all enterprise sizes","Non-innovative","Percent","239","units","0","v1271941031","1.29.1.12","15.5","B","","","1"
"2020/2022","Canada","2016A000011124","Computer and peripheral equipment manufacturing and communications equipment manufacturing","Total, all enterprise sizes","Innovative","Percent","239","units","0","v1271941068","1.30.1.1","94.6","A","","","1"
"2020/2022","Canada","2016A000011124","Computer and peripheral equipment manufacturing and communications equipment manufacturing","Total, all enterprise sizes","Product (good or service) innovation","Percent","239","units","0","v1271941069","1.30.1.2","84.3","B","","","1"
"2020/2022","Canada","2016A000011124","Computer and peripheral equipment manufacturing and communications equipment manufacturing","Total, all enterprise sizes","Business process innovation","Percent","239","units","0","v1271941072","1.30.1.5","77.2","B","","","1"
"2020/2022","Canada","2016A000011124","Computer and peripheral equipment manufacturing and communications equipment manufacturing","Total, all enterprise sizes","Non-innovative","Percent","239","units","0","v1271941079","1.30.1.12","5.4","A","","","1"
"2020/2022","Canada","2016A000011124","Semiconductor and other electronic component manufacturing [3344]","Total, all enterprise sizes","Innovative","Percent","239","units","0","v1271941116","1.31.1.1","84.5","B","","","1"
"2020/2022","Canada","2016A000011124","Semiconductor and other electronic component manufacturing [3344]","Total, all enterprise sizes","Product (good or service) innovation","Percent","239","units","0","v1271941117","1.31.1.2","68.2","B","","","1"
"2020/2022","Canada","2016A000011124","Semiconductor and other electronic component manufacturing [3344]","Total, all enterprise sizes","Business process innovation","Percent","239","units","0","v1271941120","1.31.1.5","81.0","B","","","1"
"2020/2022","Canada","2016A000011124","Semiconductor and other electronic component manufacturing [3344]","Total, all enterprise sizes","Non-innovative","Percent","239","units","0","v1271941127","1.31.1.12","15.5","B","","","1"
"2020/2022","Canada","2016A000011124","Navigational, measuring, medical and control instruments manufacturing [3345]","Total, all enterprise sizes","Innovative","Percent","239","units","0","v1271941164","1.32.1.1","79.3","B","","","1"
"2020/2022","Canada","2016A000011124","Navigational, measuring, medical and control instruments manufacturing [3345]","Total, all enterprise sizes","Product (good or service) innovation","Percent","239","units","0","v1271941165","1.32.1.2","65.3","B","","","1"
"2020/2022","Canada","2016A000011124","Navigational, measuring, medical and control instruments manufacturing [3345]","Total, all enterprise sizes","Business process innovation","Percent","239","units","0","v1271941168","1.32.1.5","72.5","B","","","1"
"2020/2022","Canada","2016A000011124","Navigational, measuring, medical and control instruments manufacturing [3345]","Total, all enterprise sizes","Non-innovative","Percent","239","units","0","v1271941175","1.32.1.12","20.7","B","","","1"
"2020/2022","Canada","2016A000011124","Audio and visual equipment manufacturing and manufacturing and reproducing magnetic and optical media","Total, all enterprise sizes","Innovative","Percent","239","units","0","v1271941212","1.33.1.1","90.5","B","","","1"
"2020/2022","Canada","2016A000011124","Audio and visual equipment manufacturing and manufacturing and reproducing magnetic and optical media","Total, all enterprise sizes","Product (good or service) innovation","Percent","239","units","0","v1271941213","1.33.1.2","83.5","B","","","1"
"2020/2022","Canada","2016A000011124","Audio and visual equipment manufacturing and manufacturing and reproducing magnetic and optical media","Total, all enterprise sizes","Business process innovation","Percent","239","units","0","v1271941216","1.33.1.5","75.7","E","","","1"
"2020/2022","Canada","2016A000011124","Audio and visual equipment manufacturing and manufacturing and reproducing magnetic and optical media","Total, all enterprise sizes","Non-innovative","Percent","239","units","0","v1271941223","1.33.1.12","9.5","B","","","1"
"2020/2022","Canada","2016A000011124","Electrical equipment, appliance and component manufacturing [335]","Total, all enterprise sizes","Innovative","Percent","239","units","0","v1271941260","1.34.1.1","82.0","B","","","1"
"2020/2022","Canada","2016A000011124","Electrical equipment, appliance and component manufacturing [335]","Total, all enterprise sizes","Product (good or service) innovation","Percent","239","units","0","v1271941261","1.34.1.2","63.1","B","","","1"
"2020/2022","Canada","2016A000011124","Electrical equipment, appliance and component manufacturing [335]","Total, all enterprise sizes","Business process innovation","Percent","239","units","0","v1271941264","1.34.1.5","70.8","B","","","1"
"2020/2022","Canada","2016A000011124","Electrical equipment, appliance and component manufacturing [335]","Total, all enterprise sizes","Non-innovative","Percent","239","units","0","v1271941271","1.34.1.12","18.0","B","","","1"
"2020/2022","Canada","2016A000011124","Transportation equipment manufacturing [336]","Total, all enterprise sizes","Innovative","Percent","239","units","0","v1271941308","1.35.1.1","72.7","B","","","1"
"2020/2022","Canada","2016A000011124","Transportation equipment manufacturing [336]","Total, all enterprise sizes","Product (good or service) innovation","Percent","239","units","0","v1271941309","1.35.1.2","49.7","B","","","1"
"2020/2022","Canada","2016A000011124","Transportation equipment manufacturing [336]","Total, all enterprise sizes","Business process innovation","Percent","239","units","0","v1271941312","1.35.1.5","64.5","B","","","1"
"2020/2022","Canada","2016A000011124","Transportation equipment manufacturing [336]","Total, all enterprise sizes","Non-innovative","Percent","239","units","0","v1271941319","1.35.1.12","27.3","B","","","1"
"2020/2022","Canada","2016A000011124","Motor vehicle and motor vehicle body and trailer manufacturing","Total, all enterprise sizes","Innovative","Percent","239","units","0","v1271941356","1.36.1.1","78.0","B","","","1"
"2020/2022","Canada","2016A000011124","Motor vehicle and motor vehicle body and trailer manufacturing","Total, all enterprise sizes","Product (good or service) innovation","Percent","239","units","0","v1271941357","1.36.1.2","52.9","B","","","1"
"2020/2022","Canada","2016A000011124","Motor vehicle and motor vehicle body and trailer manufacturing","Total, all enterprise sizes","Business process innovation","Percent","239","units","0","v1271941360","1.36.1.5","63.4","B","","","1"
"2020/2022","Canada","2016A000011124","Motor vehicle and motor vehicle body and trailer manufacturing","Total, all enterprise sizes","Non-innovative","Percent","239","units","0","v1271941367","1.36.1.12","22.0","B","","","1"
"2020/2022","Canada","2016A000011124","Motor vehicle parts manufacturing [3363]","Total, all enterprise sizes","Innovative","Percent","239","units","0","v1271941404","1.37.1.1","65.3","B","","","1"
"2020/2022","Canada","2016A000011124","Motor vehicle parts manufacturing [3363]","Total, all enterprise sizes","Product (good or service) innovation","Percent","239","units","0","v1271941405","1.37.1.2","44.5","B","","","1"
"2020/2022","Canada","2016A000011124","Motor vehicle parts manufacturing [3363]","Total, all enterprise sizes","Business process innovation","Percent","239","units","0","v1271941408","1.37.1.5","61.1","B","","","1"
"2020/2022","Canada","2016A000011124","Motor vehicle parts manufacturing [3363]","Total, all enterprise sizes","Non-innovative","Percent","239","units","0","v1271941415","1.37.1.12","34.7","B","","","1"
"2020/2022","Canada","2016A000011124","Aerospace product and parts manufacturing [3364]","Total, all enterprise sizes","Innovative","Percent","239","units","0","v1271941452","1.38.1.1","76.9","B","","","1"
"2020/2022","Canada","2016A000011124","Aerospace product and parts manufacturing [3364]","Total, all enterprise sizes","Product (good or service) innovation","Percent","239","units","0","v1271941453","1.38.1.2","41.2","B","","","1"
"2020/2022","Canada","2016A000011124","Aerospace product and parts manufacturing [3364]","Total, all enterprise sizes","Business process innovation","Percent","239","units","0","v1271941456","1.38.1.5","73.8","B","","","1"
"2020/2022","Canada","2016A000011124","Aerospace product and parts manufacturing [3364]","Total, all enterprise sizes","Non-innovative","Percent","239","units","0","v1271941463","1.38.1.12","23.1","B","","","1"
"2020/2022","Canada","2016A000011124","All other transportation equipment manufacturing","Total, all enterprise sizes","Innovative","Percent","239","units","0","v1271941500","1.39.1.1","77.7","B","","","1"
"2020/2022","Canada","2016A000011124","All other transportation equipment manufacturing","Total, all enterprise sizes","Product (good or service) innovation","Percent","239","units","0","v1271941501","1.39.1.2","64.5","B","","","1"
"2020/2022","Canada","2016A000011124","All other transportation equipment manufacturing","Total, all enterprise sizes","Business process innovation","Percent","239","units","0","v1271941504","1.39.1.5","65.3","B","","","1"
"2020/2022","Canada","2016A000011124","All other transportation equipment manufacturing","Total, all enterprise sizes","Non-innovative","Percent","239","units","0","v1271941511","1.39.1.12","22.3","B","","","1"
"2020/2022","Canada","2016A000011124","Furniture and related product manufacturing [337]","Total, all enterprise sizes","Innovative","Percent","239","units","0","v1271941548","1.40.1.1","78.6","B","","","1"
"2020/2022","Canada","2016A000011124","Furniture and related product manufacturing [337]","Total, all enterprise sizes","Product (good or service) innovation","Percent","239","units","0","v1271941549","1.40.1.2","35.7","B","","","1"
"2020/2022","Canada","2016A000011124","Furniture and related product manufacturing [337]","Total, all enterprise sizes","Business process innovation","Percent","239","units","0","v1271941552","1.40.1.5","70.5","B","","","1"
"2020/2022","Canada","2016A000011124","Furniture and related product manufacturing [337]","Total, all enterprise sizes","Non-innovative","Percent","239","units","0","v1271941559","1.40.1.12","21.4","B","","","1"
"2020/2022","Canada","2016A000011124","Miscellaneous manufacturing [339]","Total, all enterprise sizes","Innovative","Percent","239","units","0","v1271941596","1.41.1.1","81.1","B","","","1"
"2020/2022","Canada","2016A000011124","Miscellaneous manufacturing [339]","Total, all enterprise sizes","Product (good or service) innovation","Percent","239","units","0","v1271941597","1.41.1.2","60.4","B","","","1"
"2020/2022","Canada","2016A000011124","Miscellaneous manufacturing [339]","Total, all enterprise sizes","Business process innovation","Percent","239","units","0","v1271941600","1.41.1.5","74.1","B","","","1"
"2020/2022","Canada","2016A000011124","Miscellaneous manufacturing [339]","Total, all enterprise sizes","Non-innovative","Percent","239","units","0","v1271941607","1.41.1.12","18.9","B","","","1"
"2020/2022","Canada","2016A000011124","Medical equipment and supplies manufacturing [3391]","Total, all enterprise sizes","Innovative","Percent","239","units","0","v1271941644","1.42.1.1","84.7","B","","","1"
"2020/2022","Canada","2016A000011124","Medical equipment and supplies manufacturing [3391]","Total, all enterprise sizes","Product (good or service) innovation","Percent","239","units","0","v1271941645","1.42.1.2","66.0","E","","","1"
"2020/2022","Canada","2016A000011124","Medical equipment and supplies manufacturing [3391]","Total, all enterprise sizes","Business process innovation","Percent","239","units","0","v1271941648","1.42.1.5","77.2","B","","","1"
"2020/2022","Canada","2016A000011124","Medical equipment and supplies manufacturing [3391]","Total, all enterprise sizes","Non-innovative","Percent","239","units","0","v1271941655","1.42.1.12","15.3","B","","","1"
"2020/2022","Canada","2016A000011124","Other miscellaneous manufacturing [3399]","Total, all enterprise sizes","Innovative","Percent","239","units","0","v1271941692","1.43.1.1","79.6","B","","","1"
"2020/2022","Canada","2016A000011124","Other miscellaneous manufacturing [3399]","Total, all enterprise sizes","Product (good or service) innovation","Percent","239","units","0","v1271941693","1.43.1.2","58.2","B","","","1"
"2020/2022","Canada","2016A000011124","Other miscellaneous manufacturing [3399]","Total, all enterprise sizes","Business process innovation","Percent","239","units","0","v1271941696","1.43.1.5","72.9","B","","","1"
"2020/2022","Canada","2016A000011124","Other miscellaneous manufacturing [3399]","Total, all enterprise sizes","Non-innovative","Percent","239","units","0","v1271941703","1.43.1.12","20.4","B","","","1"
"2020/2022","Canada","2016A000011124","Total, selected services industries","Total, all enterprise sizes","Innovative","Percent","239","units","0","v1271941740","1.44.1.1","72.7","A","","","1"
"2020/2022","Canada","2016A000011124","Total, selected services industries","Total, all enterprise sizes","Product (good or service) innovation","Percent","239","units","0","v1271941741","1.44.1.2","49.7","A","","","1"
"2020/2022","Canada","2016A000011124","Total, selected services industries","Total, all enterprise sizes","Business process innovation","Percent","239","units","0","v1271941744","1.44.1.5","63.3","A","","","1"
"2020/2022","Canada","2016A000011124","Total, selected services industries","Total, all enterprise sizes","Non-innovative","Percent","239","units","0","v1271941751","1.44.1.12","27.3","A","","","1"
"2020/2022","Canada","2016A000011124","Wholesale trade [41]","Total, all enterprise sizes","Innovative","Percent","239","units","0","v1271941788","1.45.1.1","77.4","A","","","1"
"2020/2022","Canada","2016A000011124","Wholesale trade [41]","Total, all enterprise sizes","Product (good or service) innovation","Percent","239","units","0","v1271941789","1.45.1.2","52.0","A","","","1"
"2020/2022","Canada","2016A000011124","Wholesale trade [41]","Total, all enterprise sizes","Business process innovation","Percent","239","units","0","v1271941792","1.45.1.5","67.6","A","","","1"
"2020/2022","Canada","2016A000011124","Wholesale trade [41]","Total, all enterprise sizes","Non-innovative","Percent","239","units","0","v1271941799","1.45.1.12","22.6","A","","","1"
"2020/2022","Canada","2016A000011124","Farm product merchant wholesalers [411]","Total, all enterprise sizes","Innovative","Percent","239","units","0","v1271941836","1.46.1.1","65.7","B","","","1"
"2020/2022","Canada","2016A000011124","Farm product merchant wholesalers [411]","Total, all enterprise sizes","Product (good or service) innovation","Percent","239","units","0","v1271941837","1.46.1.2","32.9","B","","","1"
"2020/2022","Canada","2016A000011124","Farm product merchant wholesalers [411]","Total, all enterprise sizes","Business process innovation","Percent","239","units","0","v1271941840","1.46.1.5","60.5","B","","","1"
"2020/2022","Canada","2016A000011124","Farm product merchant wholesalers [411]","Total, all enterprise sizes","Non-innovative","Percent","239","units","0","v1271941847","1.46.1.12","34.3","B","","","1"
"2020/2022","Canada","2016A000011124","Petroleum and petroleum products merchant wholesalers [412]","Total, all enterprise sizes","Innovative","Percent","239","units","0","v1271941884","1.47.1.1","52.1","B","","","1"
"2020/2022","Canada","2016A000011124","Petroleum and petroleum products merchant wholesalers [412]","Total, all enterprise sizes","Product (good or service) innovation","Percent","239","units","0","v1271941885","1.47.1.2","26.1","B","","","1"
"2020/2022","Canada","2016A000011124","Petroleum and petroleum products merchant wholesalers [412]","Total, all enterprise sizes","Business process innovation","Percent","239","units","0","v1271941888","1.47.1.5","47.2","B","","","1"
"2020/2022","Canada","2016A000011124","Petroleum and petroleum products merchant wholesalers [412]","Total, all enterprise sizes","Non-innovative","Percent","239","units","0","v1271941895","1.47.1.12","47.9","B","","","1"
"2020/2022","Canada","2016A000011124","Food, beverage and tobacco merchant wholesalers [413]","Total, all enterprise sizes","Innovative","Percent","239","units","0","v1271941932","1.48.1.1","73.4","B","","","1"
"2020/2022","Canada","2016A000011124","Food, beverage and tobacco merchant wholesalers [413]","Total, all enterprise sizes","Product (good or service) innovation","Percent","239","units","0","v1271941933","1.48.1.2","43.7","B","","","1"
"2020/2022","Canada","2016A000011124","Food, beverage and tobacco merchant wholesalers [413]","Total, all enterprise sizes","Business process innovation","Percent","239","units","0","v1271941936","1.48.1.5","64.1","B","","","1"
"2020/2022","Canada","2016A000011124","Food, beverage and tobacco merchant wholesalers [413]","Total, all enterprise sizes","Non-innovative","Percent","239","units","0","v1271941943","1.48.1.12","26.6","B","","","1"
"2020/2022","Canada","2016A000011124","Personal and household goods merchant wholesalers [414]","Total, all enterprise sizes","Innovative","Percent","239","units","0","v1271941980","1.49.1.1","86.6","B","","","1"
"2020/2022","Canada","2016A000011124","Personal and household goods merchant wholesalers [414]","Total, all enterprise sizes","Product (good or service) innovation","Percent","239","units","0","v1271941981","1.49.1.2","68.5","B","","","1"
"2020/2022","Canada","2016A000011124","Personal and household goods merchant wholesalers [414]","Total, all enterprise sizes","Business process innovation","Percent","239","units","0","v1271941984","1.49.1.5","76.3","B","","","1"
"2020/2022","Canada","2016A000011124","Personal and household goods merchant wholesalers [414]","Total, all enterprise sizes","Non-innovative","Percent","239","units","0","v1271941991","1.49.1.12","13.4","B","","","1"
"2020/2022","Canada","2016A000011124","Pharmaceuticals, toiletries, cosmetics and sundries merchant wholesalers [4145]","Total, all enterprise sizes","Innovative","Percent","239","units","0","v1271942028","1.50.1.1","90.3","B","","","1"
"2020/2022","Canada","2016A000011124","Pharmaceuticals, toiletries, cosmetics and sundries merchant wholesalers [4145]","Total, all enterprise sizes","Product (good or service) innovation","Percent","239","units","0","v1271942029","1.50.1.2","75.1","B","","","1"
"2020/2022","Canada","2016A000011124","Pharmaceuticals, toiletries, cosmetics and sundries merchant wholesalers [4145]","Total, all enterprise sizes","Business process innovation","Percent","239","units","0","v1271942032","1.50.1.5","79.5","B","","","1"
"2020/2022","Canada","2016A000011124","Pharmaceuticals, toiletries, cosmetics and sundries merchant wholesalers [4145]","Total, all enterprise sizes","Non-innovative","Percent","239","units","0","v1271942039","1.50.1.12","9.7","B","","","1"
"2020/2022","Canada","2016A000011124","Textile, clothing, footwear, home entertainment equipment, household appliance, home furnishings and personal goods merchant wholesalers","Total, all enterprise sizes","Innovative","Percent","239","units","0","v1271942076","1.51.1.1","85.1","B","","","1"
"2020/2022","Canada","2016A000011124","Textile, clothing, footwear, home entertainment equipment, household appliance, home furnishings and personal goods merchant wholesalers","Total, all enterprise sizes","Product (good or service) innovation","Percent","239","units","0","v1271942077","1.51.1.2","65.8","B","","","1"
"2020/2022","Canada","2016A000011124","Textile, clothing, footwear, home entertainment equipment, household appliance, home furnishings and personal goods merchant wholesalers","Total, all enterprise sizes","Business process innovation","Percent","239","units","0","v1271942080","1.51.1.5","75.0","B","","","1"
"2020/2022","Canada","2016A000011124","Textile, clothing, footwear, home entertainment equipment, household appliance, home furnishings and personal goods merchant wholesalers","Total, all enterprise sizes","Non-innovative","Percent","239","units","0","v1271942087","1.51.1.12","14.9","B","","","1"
"2020/2022","Canada","2016A000011124","Motor vehicle and motor vehicle parts and accessories merchant wholesalers [415]","Total, all enterprise sizes","Innovative","Percent","239","units","0","v1271942124","1.52.1.1","74.3","B","","","1"
"2020/2022","Canada","2016A000011124","Motor vehicle and motor vehicle parts and accessories merchant wholesalers [415]","Total, all enterprise sizes","Product (good or service) innovation","Percent","239","units","0","v1271942125","1.52.1.2","42.3","B","","","1"
"2020/2022","Canada","2016A000011124","Motor vehicle and motor vehicle parts and accessories merchant wholesalers [415]","Total, all enterprise sizes","Business process innovation","Percent","239","units","0","v1271942128","1.52.1.5","61.9","B","","","1"
"2020/2022","Canada","2016A000011124","Motor vehicle and motor vehicle parts and accessories merchant wholesalers [415]","Total, all enterprise sizes","Non-innovative","Percent","239","units","0","v1271942135","1.52.1.12","25.7","B","","","1"
"2020/2022","Canada","2016A000011124","Building material and supplies merchant wholesalers [416]","Total, all enterprise sizes","Innovative","Percent","239","units","0","v1271942172","1.53.1.1","74.0","B","","","1"
"2020/2022","Canada","2016A000011124","Building material and supplies merchant wholesalers [416]","Total, all enterprise sizes","Product (good or service) innovation","Percent","239","units","0","v1271942173","1.53.1.2","42.5","B","","","1"
"2020/2022","Canada","2016A000011124","Building material and supplies merchant wholesalers [416]","Total, all enterprise sizes","Business process innovation","Percent","239","units","0","v1271942176","1.53.1.5","65.5","B","","","1"
"2020/2022","Canada","2016A000011124","Building material and supplies merchant wholesalers [416]","Total, all enterprise sizes","Non-innovative","Percent","239","units","0","v1271942183","1.53.1.12","26.0","B","","","1"
"2020/2022","Canada","2016A000011124","Machinery, equipment and supplies merchant wholesalers [417]","Total, all enterprise sizes","Innovative","Percent","239","units","0","v1271942220","1.54.1.1","80.5","B","","","1"
"2020/2022","Canada","2016A000011124","Machinery, equipment and supplies merchant wholesalers [417]","Total, all enterprise sizes","Product (good or service) innovation","Percent","239","units","0","v1271942221","1.54.1.2","63.3","B","","","1"
"2020/2022","Canada","2016A000011124","Machinery, equipment and supplies merchant wholesalers [417]","Total, all enterprise sizes","Business process innovation","Percent","239","units","0","v1271942224","1.54.1.5","67.5","B","","","1"
"2020/2022","Canada","2016A000011124","Machinery, equipment and supplies merchant wholesalers [417]","Total, all enterprise sizes","Non-innovative","Percent","239","units","0","v1271942231","1.54.1.12","19.5","B","","","1"
"2020/2022","Canada","2016A000011124","Computer and communications equipment and supplies merchant wholesalers [4173]","Total, all enterprise sizes","Innovative","Percent","239","units","0","v1271942268","1.55.1.1","77.2","B","","","1"
"2020/2022","Canada","2016A000011124","Computer and communications equipment and supplies merchant wholesalers [4173]","Total, all enterprise sizes","Product (good or service) innovation","Percent","239","units","0","v1271942269","1.55.1.2","52.1","E","","","1"
"2020/2022","Canada","2016A000011124","Computer and communications equipment and supplies merchant wholesalers [4173]","Total, all enterprise sizes","Business process innovation","Percent","239","units","0","v1271942272","1.55.1.5","65.2","B","","","1"
"2020/2022","Canada","2016A000011124","Computer and communications equipment and supplies merchant wholesalers [4173]","Total, all enterprise sizes","Non-innovative","Percent","239","units","0","v1271942279","1.55.1.12","22.8","B","","","1"
"2020/2022","Canada","2016A000011124","Farm, lawn, garden machinery and equipment, construction, forestry, mining, industrial machinery equipment and supplies, and other machinery, equipment and supplies merchant wholesalers","Total, all enterprise sizes","Innovative","Percent","239","units","0","v1271942316","1.56.1.1","81.3","B","","","1"
"2020/2022","Canada","2016A000011124","Farm, lawn, garden machinery and equipment, construction, forestry, mining, industrial machinery equipment and supplies, and other machinery, equipment and supplies merchant wholesalers","Total, all enterprise sizes","Product (good or service) innovation","Percent","239","units","0","v1271942317","1.56.1.2","66.0","B","","","1"
"2020/2022","Canada","2016A000011124","Farm, lawn, garden machinery and equipment, construction, forestry, mining, industrial machinery equipment and supplies, and other machinery, equipment and supplies merchant wholesalers","Total, all enterprise sizes","Business process innovation","Percent","239","units","0","v1271942320","1.56.1.5","68.1","B","","","1"
"2020/2022","Canada","2016A000011124","Farm, lawn, garden machinery and equipment, construction, forestry, mining, industrial machinery equipment and supplies, and other machinery, equipment and supplies merchant wholesalers","Total, all enterprise sizes","Non-innovative","Percent","239","units","0","v1271942327","1.56.1.12","18.7","B","","","1"
"2020/2022","Canada","2016A000011124","Miscellaneous merchant wholesalers [418]","Total, all enterprise sizes","Innovative","Percent","239","units","0","v1271942364","1.57.1.1","77.1","B","","","1"
"2020/2022","Canada","2016A000011124","Miscellaneous merchant wholesalers [418]","Total, all enterprise sizes","Product (good or service) innovation","Percent","239","units","0","v1271942365","1.57.1.2","44.0","B","","","1"
"2020/2022","Canada","2016A000011124","Miscellaneous merchant wholesalers [418]","Total, all enterprise sizes","Business process innovation","Percent","239","units","0","v1271942368","1.57.1.5","73.1","B","","","1"
"2020/2022","Canada","2016A000011124","Miscellaneous merchant wholesalers [418]","Total, all enterprise sizes","Non-innovative","Percent","239","units","0","v1271942375","1.57.1.12","22.9","B","","","1"
"2020/2022","Canada","2016A000011124","Business-to-business electronic markets, and agents and brokers [419]","Total, all enterprise sizes","Innovative","Percent","239","units","0","v1271942412","1.58.1.1","77.1","B","","","1"
"2020/2022","Canada","2016A000011124","Business-to-business electronic markets, and agents and brokers [419]","Total, all enterprise sizes","Product (good or service) innovation","Percent","239","units","0","v1271942413","1.58.1.2","49.3","B","","","1"
"2020/2022","Canada","2016A000011124","Business-to-business electronic markets, and agents and brokers [419]","Total, all enterprise sizes","Business process innovation","Percent","239","units","0","v1271942416","1.58.1.5","70.2","B","","","1"
"2020/2022","Canada","2016A000011124","Business-to-business electronic markets, and agents and brokers [419]","Total, all enterprise sizes","Non-innovative","Percent","239","units","0","v1271942423","1.58.1.12","22.9","B","","","1"
"2020/2022","Canada","2016A000011124","Retail trade [44-45]","Total, all enterprise sizes","Innovative","Percent","239","units","0","v1271942460","1.59.1.1","70.8","B","","","1"
"2020/2022","Canada","2016A000011124","Retail trade [44-45]","Total, all enterprise sizes","Product (good or service) innovation","Percent","239","units","0","v1271942461","1.59.1.2","49.4","B","","","1"
"2020/2022","Canada","2016A000011124","Retail trade [44-45]","Total, all enterprise sizes","Business process innovation","Percent","239","units","0","v1271942464","1.59.1.5","59.8","B","","","1"
"2020/2022","Canada","2016A000011124","Retail trade [44-45]","Total, all enterprise sizes","Non-innovative","Percent","239","units","0","v1271942471","1.59.1.12","29.2","B","","","1"
"2020/2022","Canada","2016A000011124","Transportation and warehousing [48-49]","Total, all enterprise sizes","Innovative","Percent","239","units","0","v1271942508","1.60.1.1","63.4","B","","","1"
"2020/2022","Canada","2016A000011124","Transportation and warehousing [48-49]","Total, all enterprise sizes","Product (good or service) innovation","Percent","239","units","0","v1271942509","1.60.1.2","35.6","B","","","1"
"2020/2022","Canada","2016A000011124","Transportation and warehousing [48-49]","Total, all enterprise sizes","Business process innovation","Percent","239","units","0","v1271942512","1.60.1.5","56.7","B","","","1"
"2020/2022","Canada","2016A000011124","Transportation and warehousing [48-49]","Total, all enterprise sizes","Non-innovative","Percent","239","units","0","v1271942519","1.60.1.12","36.6","B","","","1"
"2020/2022","Canada","2016A000011124","All transportation","Total, all enterprise sizes","Innovative","Percent","239","units","0","v1271942556","1.61.1.1","62.8","B","","","1"
"2020/2022","Canada","2016A000011124","All transportation","Total, all enterprise sizes","Product (good or service) innovation","Percent","239","units","0","v1271942557","1.61.1.2","35.1","B","","","1"
"2020/2022","Canada","2016A000011124","All transportation","Total, all enterprise sizes","Business process innovation","Percent","239","units","0","v1271942560","1.61.1.5","56.1","B","","","1"
"2020/2022","Canada","2016A000011124","All transportation","Total, all enterprise sizes","Non-innovative","Percent","239","units","0","v1271942567","1.61.1.12","37.2","B","","","1"
"2020/2022","Canada","2016A000011124","Air transportation [481]","Total, all enterprise sizes","Innovative","Percent","239","units","0","v1271942604","1.62.1.1","73.4","B","","","1"
"2020/2022","Canada","2016A000011124","Air transportation [481]","Total, all enterprise sizes","Product (good or service) innovation","Percent","239","units","0","v1271942605","1.62.1.2","45.9","B","","","1"
"2020/2022","Canada","2016A000011124","Air transportation [481]","Total, all enterprise sizes","Business process innovation","Percent","239","units","0","v1271942608","1.62.1.5","54.8","B","","","1"
"2020/2022","Canada","2016A000011124","Air transportation [481]","Total, all enterprise sizes","Non-innovative","Percent","239","units","0","v1271942615","1.62.1.12","26.6","B","","","1"
"2020/2022","Canada","2016A000011124","Rail and water transportation","Total, all enterprise sizes","Innovative","Percent","239","units","0","v1271942652","1.63.1.1","52.3","B","","","1"
"2020/2022","Canada","2016A000011124","Rail and water transportation","Total, all enterprise sizes","Product (good or service) innovation","Percent","239","units","0","v1271942653","1.63.1.2","27.5","B","","","1"
"2020/2022","Canada","2016A000011124","Rail and water transportation","Total, all enterprise sizes","Business process innovation","Percent","239","units","0","v1271942656","1.63.1.5","52.3","B","","","1"
"2020/2022","Canada","2016A000011124","Rail and water transportation","Total, all enterprise sizes","Non-innovative","Percent","239","units","0","v1271942663","1.63.1.12","47.7","B","","","1"
"2020/2022","Canada","2016A000011124","Truck transportation [484]","Total, all enterprise sizes","Innovative","Percent","239","units","0","v1271942700","1.64.1.1","61.8","B","","","1"
"2020/2022","Canada","2016A000011124","Truck transportation [484]","Total, all enterprise sizes","Product (good or service) innovation","Percent","239","units","0","v1271942701","1.64.1.2","31.2","B","","","1"
"2020/2022","Canada","2016A000011124","Truck transportation [484]","Total, all enterprise sizes","Business process innovation","Percent","239","units","0","v1271942704","1.64.1.5","58.4","B","","","1"
"2020/2022","Canada","2016A000011124","Truck transportation [484]","Total, all enterprise sizes","Non-innovative","Percent","239","units","0","v1271942711","1.64.1.12","38.2","B","","","1"
"2020/2022","Canada","2016A000011124","Transit and ground passenger transportation [485]","Total, all enterprise sizes","Innovative","Percent","239","units","0","v1271942748","1.65.1.1","54.2","B","","","1"
"2020/2022","Canada","2016A000011124","Transit and ground passenger transportation [485]","Total, all enterprise sizes","Product (good or service) innovation","Percent","239","units","0","v1271942749","1.65.1.2","29.5","B","","","1"
"2020/2022","Canada","2016A000011124","Transit and ground passenger transportation [485]","Total, all enterprise sizes","Business process innovation","Percent","239","units","0","v1271942752","1.65.1.5","43.8","B","","","1"
"2020/2022","Canada","2016A000011124","Transit and ground passenger transportation [485]","Total, all enterprise sizes","Non-innovative","Percent","239","units","0","v1271942759","1.65.1.12","45.8","B","","","1"
"2020/2022","Canada","2016A000011124","Pipeline transportation [486]","Total, all enterprise sizes","Innovative","Percent","239","units","0","v1271942796","1.66.1.1","77.1","E","","","1"
"2020/2022","Canada","2016A000011124","Pipeline transportation [486]","Total, all enterprise sizes","Product (good or service) innovation","Percent","239","units","0","v1271942797","1.66.1.2","","F","","","1"
"2020/2022","Canada","2016A000011124","Pipeline transportation [486]","Total, all enterprise sizes","Business process innovation","Percent","239","units","0","v1271942800","1.66.1.5","77.1","E","","","1"
"2020/2022","Canada","2016A000011124","Pipeline transportation [486]","Total, all enterprise sizes","Non-innovative","Percent","239","units","0","v1271942807","1.66.1.12","22.9","E","","","1"
"2020/2022","Canada","2016A000011124","Scenic and sightseeing transportation and support activities for transportation","Total, all enterprise sizes","Innovative","Percent","239","units","0","v1271942844","1.67.1.1","69.0","B","","","1"
"2020/2022","Canada","2016A000011124","Scenic and sightseeing transportation and support activities for transportation","Total, all enterprise sizes","Product (good or service) innovation","Percent","239","units","0","v1271942845","1.67.1.2","46.1","B","","","1"
"2020/2022","Canada","2016A000011124","Scenic and sightseeing transportation and support activities for transportation","Total, all enterprise sizes","Business process innovation","Percent","239","units","0","v1271942848","1.67.1.5","57.7","B","","","1"
"2020/2022","Canada","2016A000011124","Scenic and sightseeing transportation and support activities for transportation","Total, all enterprise sizes","Non-innovative","Percent","239","units","0","v1271942855","1.67.1.12","31.0","B","","","1"
"2020/2022","Canada","2016A000011124","Postal services, couriers and messengers, warehousing and storage","Total, all enterprise sizes","Innovative","Percent","239","units","0","v1271942892","1.68.1.1","67.7","B","","","1"
"2020/2022","Canada","2016A000011124","Postal services, couriers and messengers, warehousing and storage","Total, all enterprise sizes","Product (good or service) innovation","Percent","239","units","0","v1271942893","1.68.1.2","39.6","B","","","1"
"2020/2022","Canada","2016A000011124","Postal services, couriers and messengers, warehousing and storage","Total, all enterprise sizes","Business process innovation","Percent","239","units","0","v1271942896","1.68.1.5","61.0","B","","","1"
"2020/2022","Canada","2016A000011124","Postal services, couriers and messengers, warehousing and storage","Total, all enterprise sizes","Non-innovative","Percent","239","units","0","v1271942903","1.68.1.12","32.3","B","","","1"
"2020/2022","Canada","2016A000011124","Information and cultural industries [51]","Total, all enterprise sizes","Innovative","Percent","239","units","0","v1271942940","1.69.1.1","79.5","A","","","1"
"2020/2022","Canada","2016A000011124","Information and cultural industries [51]","Total, all enterprise sizes","Product (good or service) innovation","Percent","239","units","0","v1271942941","1.69.1.2","65.3","A","","","1"
"2020/2022","Canada","2016A000011124","Information and cultural industries [51]","Total, all enterprise sizes","Business process innovation","Percent","239","units","0","v1271942944","1.69.1.5","68.2","A","","","1"
"2020/2022","Canada","2016A000011124","Information and cultural industries [51]","Total, all enterprise sizes","Non-innovative","Percent","239","units","0","v1271942951","1.69.1.12","20.5","A","","","1"
"2020/2022","Canada","2016A000011124","Publishing industries (except internet) [511]","Total, all enterprise sizes","Innovative","Percent","239","units","0","v1271942988","1.70.1.1","86.8","B","","","1"
"2020/2022","Canada","2016A000011124","Publishing industries (except internet) [511]","Total, all enterprise sizes","Product (good or service) innovation","Percent","239","units","0","v1271942989","1.70.1.2","74.8","B","","","1"
"2020/2022","Canada","2016A000011124","Publishing industries (except internet) [511]","Total, all enterprise sizes","Business process innovation","Percent","239","units","0","v1271942992","1.70.1.5","82.6","B","","","1"
"2020/2022","Canada","2016A000011124","Publishing industries (except internet) [511]","Total, all enterprise sizes","Non-innovative","Percent","239","units","0","v1271942999","1.70.1.12","13.2","B","","","1"
"2020/2022","Canada","2016A000011124","Newspaper, periodical, book and directory publishers [5111]","Total, all enterprise sizes","Innovative","Percent","239","units","0","v1271943036","1.71.1.1","70.0","B","","","1"
"2020/2022","Canada","2016A000011124","Newspaper, periodical, book and directory publishers [5111]","Total, all enterprise sizes","Product (good or service) innovation","Percent","239","units","0","v1271943037","1.71.1.2","49.8","B","","","1"
"2020/2022","Canada","2016A000011124","Newspaper, periodical, book and directory publishers [5111]","Total, all enterprise sizes","Business process innovation","Percent","239","units","0","v1271943040","1.71.1.5","67.9","B","","","1"
"2020/2022","Canada","2016A000011124","Newspaper, periodical, book and directory publishers [5111]","Total, all enterprise sizes","Non-innovative","Percent","239","units","0","v1271943047","1.71.1.12","30.0","B","","","1"
"2020/2022","Canada","2016A000011124","Software publishers [5112]","Total, all enterprise sizes","Innovative","Percent","239","units","0","v1271943084","1.72.1.1","92.1","B","","","1"
"2020/2022","Canada","2016A000011124","Software publishers [5112]","Total, all enterprise sizes","Product (good or service) innovation","Percent","239","units","0","v1271943085","1.72.1.2","82.7","B","","","1"
"2020/2022","Canada","2016A000011124","Software publishers [5112]","Total, all enterprise sizes","Business process innovation","Percent","239","units","0","v1271943088","1.72.1.5","87.3","B","","","1"
"2020/2022","Canada","2016A000011124","Software publishers [5112]","Total, all enterprise sizes","Non-innovative","Percent","239","units","0","v1271943095","1.72.1.12","7.9","B","","","1"
"2020/2022","Canada","2016A000011124","Motion picture and sound recording industries [512]","Total, all enterprise sizes","Innovative","Percent","239","units","0","v1271943132","1.73.1.1","64.7","B","","","1"
"2020/2022","Canada","2016A000011124","Motion picture and sound recording industries [512]","Total, all enterprise sizes","Product (good or service) innovation","Percent","239","units","0","v1271943133","1.73.1.2","45.8","B","","","1"
"2020/2022","Canada","2016A000011124","Motion picture and sound recording industries [512]","Total, all enterprise sizes","Business process innovation","Percent","239","units","0","v1271943136","1.73.1.5","47.8","B","","","1"
"2020/2022","Canada","2016A000011124","Motion picture and sound recording industries [512]","Total, all enterprise sizes","Non-innovative","Percent","239","units","0","v1271943143","1.73.1.12","35.3","B","","","1"
"2020/2022","Canada","2016A000011124","Broadcasting (except internet) [515]","Total, all enterprise sizes","Innovative","Percent","239","units","0","v1271943180","1.74.1.1","63.5","B","","","1"
"2020/2022","Canada","2016A000011124","Broadcasting (except internet) [515]","Total, all enterprise sizes","Product (good or service) innovation","Percent","239","units","0","v1271943181","1.74.1.2","47.0","B","","","1"
"2020/2022","Canada","2016A000011124","Broadcasting (except internet) [515]","Total, all enterprise sizes","Business process innovation","Percent","239","units","0","v1271943184","1.74.1.5","53.6","B","","","1"
"2020/2022","Canada","2016A000011124","Broadcasting (except internet) [515]","Total, all enterprise sizes","Non-innovative","Percent","239","units","0","v1271943191","1.74.1.12","36.5","B","","","1"
"2020/2022","Canada","2016A000011124","Telecommunications [517]","Total, all enterprise sizes","Innovative","Percent","239","units","0","v1271943228","1.75.1.1","82.4","B","","","1"
"2020/2022","Canada","2016A000011124","Telecommunications [517]","Total, all enterprise sizes","Product (good or service) innovation","Percent","239","units","0","v1271943229","1.75.1.2","57.9","B","","","1"
"2020/2022","Canada","2016A000011124","Telecommunications [517]","Total, all enterprise sizes","Business process innovation","Percent","239","units","0","v1271943232","1.75.1.5","71.9","B","","","1"
"2020/2022","Canada","2016A000011124","Telecommunications [517]","Total, all enterprise sizes","Non-innovative","Percent","239","units","0","v1271943239","1.75.1.12","17.6","B","","","1"
"2020/2022","Canada","2016A000011124","Data processing, hosting and related services [518]","Total, all enterprise sizes","Innovative","Percent","239","units","0","v1271943276","1.76.1.1","90.1","B","","","1"
"2020/2022","Canada","2016A000011124","Data processing, hosting and related services [518]","Total, all enterprise sizes","Product (good or service) innovation","Percent","239","units","0","v1271943277","1.76.1.2","88.4","B","","","1"
"2020/2022","Canada","2016A000011124","Data processing, hosting and related services [518]","Total, all enterprise sizes","Business process innovation","Percent","239","units","0","v1271943280","1.76.1.5","73.4","B","","","1"
"2020/2022","Canada","2016A000011124","Data processing, hosting and related services [518]","Total, all enterprise sizes","Non-innovative","Percent","239","units","0","v1271943287","1.76.1.12","9.9","B","","","1"
"2020/2022","Canada","2016A000011124","Other information services [519]","Total, all enterprise sizes","Innovative","Percent","239","units","0","v1271943324","1.77.1.1","84.9","B","","","1"
"2020/2022","Canada","2016A000011124","Other information services [519]","Total, all enterprise sizes","Product (good or service) innovation","Percent","239","units","0","v1271943325","1.77.1.2","81.4","B","","","1"
"2020/2022","Canada","2016A000011124","Other information services [519]","Total, all enterprise sizes","Business process innovation","Percent","239","units","0","v1271943328","1.77.1.5","68.4","B","","","1"
"2020/2022","Canada","2016A000011124","Other information services [519]","Total, all enterprise sizes","Non-innovative","Percent","239","units","0","v1271943335","1.77.1.12","15.1","B","","","1"
"2020/2022","Canada","2016A000011124","Finance and insurance excluding monetary authorities","Total, all enterprise sizes","Innovative","Percent","239","units","0","v1271943372","1.78.1.1","79.0","B","","","1"
"2020/2022","Canada","2016A000011124","Finance and insurance excluding monetary authorities","Total, all enterprise sizes","Product (good or service) innovation","Percent","239","units","0","v1271943373","1.78.1.2","53.7","B","","","1"
"2020/2022","Canada","2016A000011124","Finance and insurance excluding monetary authorities","Total, all enterprise sizes","Business process innovation","Percent","239","units","0","v1271943376","1.78.1.5","70.6","B","","","1"
"2020/2022","Canada","2016A000011124","Finance and insurance excluding monetary authorities","Total, all enterprise sizes","Non-innovative","Percent","239","units","0","v1271943383","1.78.1.12","21.0","B","","","1"
"2020/2022","Canada","2016A000011124","Credit intermediation and related activities and other funds from financial vehicles","Total, all enterprise sizes","Innovative","Percent","239","units","0","v1271943420","1.79.1.1","78.1","B","","","1"
"2020/2022","Canada","2016A000011124","Credit intermediation and related activities and other funds from financial vehicles","Total, all enterprise sizes","Product (good or service) innovation","Percent","239","units","0","v1271943421","1.79.1.2","60.7","B","","","1"
"2020/2022","Canada","2016A000011124","Credit intermediation and related activities and other funds from financial vehicles","Total, all enterprise sizes","Business process innovation","Percent","239","units","0","v1271943424","1.79.1.5","72.7","B","","","1"
"2020/2022","Canada","2016A000011124","Credit intermediation and related activities and other funds from financial vehicles","Total, all enterprise sizes","Non-innovative","Percent","239","units","0","v1271943431","1.79.1.12","21.9","B","","","1"
"2020/2022","Canada","2016A000011124","Securities, commodity contracts, and other financial investment and related activities [523]","Total, all enterprise sizes","Innovative","Percent","239","units","0","v1271943468","1.80.1.1","81.7","B","","","1"
"2020/2022","Canada","2016A000011124","Securities, commodity contracts, and other financial investment and related activities [523]","Total, all enterprise sizes","Product (good or service) innovation","Percent","239","units","0","v1271943469","1.80.1.2","54.2","B","","","1"
"2020/2022","Canada","2016A000011124","Securities, commodity contracts, and other financial investment and related activities [523]","Total, all enterprise sizes","Business process innovation","Percent","239","units","0","v1271943472","1.80.1.5","74.7","B","","","1"
"2020/2022","Canada","2016A000011124","Securities, commodity contracts, and other financial investment and related activities [523]","Total, all enterprise sizes","Non-innovative","Percent","239","units","0","v1271943479","1.80.1.12","18.3","B","","","1"
"2020/2022","Canada","2016A000011124","Securities and commodity contracts intermediation and brokerage [5231]","Total, all enterprise sizes","Innovative","Percent","239","units","0","v1271943516","1.81.1.1","84.1","B","","","1"
"2020/2022","Canada","2016A000011124","Securities and commodity contracts intermediation and brokerage [5231]","Total, all enterprise sizes","Product (good or service) innovation","Percent","239","units","0","v1271943517","1.81.1.2","58.3","B","","","1"
"2020/2022","Canada","2016A000011124","Securities and commodity contracts intermediation and brokerage [5231]","Total, all enterprise sizes","Business process innovation","Percent","239","units","0","v1271943520","1.81.1.5","74.5","B","","","1"
"2020/2022","Canada","2016A000011124","Securities and commodity contracts intermediation and brokerage [5231]","Total, all enterprise sizes","Non-innovative","Percent","239","units","0","v1271943527","1.81.1.12","15.9","B","","","1"
"2020/2022","Canada","2016A000011124","Securities and commodity exchanges and other financial investment activities","Total, all enterprise sizes","Innovative","Percent","239","units","0","v1271943564","1.82.1.1","80.7","B","","","1"
"2020/2022","Canada","2016A000011124","Securities and commodity exchanges and other financial investment activities","Total, all enterprise sizes","Product (good or service) innovation","Percent","239","units","0","v1271943565","1.82.1.2","52.4","E","","","1"
"2020/2022","Canada","2016A000011124","Securities and commodity exchanges and other financial investment activities","Total, all enterprise sizes","Business process innovation","Percent","239","units","0","v1271943568","1.82.1.5","74.8","B","","","1"
"2020/2022","Canada","2016A000011124","Securities and commodity exchanges and other financial investment activities","Total, all enterprise sizes","Non-innovative","Percent","239","units","0","v1271943575","1.82.1.12","19.3","B","","","1"
"2020/2022","Canada","2016A000011124","Insurance carriers and related activities [524]","Total, all enterprise sizes","Innovative","Percent","239","units","0","v1271943612","1.83.1.1","78.2","B","","","1"
"2020/2022","Canada","2016A000011124","Insurance carriers and related activities [524]","Total, all enterprise sizes","Product (good or service) innovation","Percent","239","units","0","v1271943613","1.83.1.2","48.6","B","","","1"
"2020/2022","Canada","2016A000011124","Insurance carriers and related activities [524]","Total, all enterprise sizes","Business process innovation","Percent","239","units","0","v1271943616","1.83.1.5","67.2","B","","","1"
"2020/2022","Canada","2016A000011124","Insurance carriers and related activities [524]","Total, all enterprise sizes","Non-innovative","Percent","239","units","0","v1271943623","1.83.1.12","21.8","B","","","1"
"2020/2022","Canada","2016A000011124","Real estate and rental and leasing [53]","Total, all enterprise sizes","Innovative","Percent","239","units","0","v1271943660","1.84.1.1","67.1","B","","","1"
"2020/2022","Canada","2016A000011124","Real estate and rental and leasing [53]","Total, all enterprise sizes","Product (good or service) innovation","Percent","239","units","0","v1271943661","1.84.1.2","32.5","B","","","1"
"2020/2022","Canada","2016A000011124","Real estate and rental and leasing [53]","Total, all enterprise sizes","Business process innovation","Percent","239","units","0","v1271943664","1.84.1.5","58.5","B","","","1"
"2020/2022","Canada","2016A000011124","Real estate and rental and leasing [53]","Total, all enterprise sizes","Non-innovative","Percent","239","units","0","v1271943671","1.84.1.12","32.9","B","","","1"
"2020/2022","Canada","2016A000011124","Professional, scientific and technical services [54]","Total, all enterprise sizes","Innovative","Percent","239","units","0","v1271943708","1.85.1.1","78.2","B","","","1"
"2020/2022","Canada","2016A000011124","Professional, scientific and technical services [54]","Total, all enterprise sizes","Product (good or service) innovation","Percent","239","units","0","v1271943709","1.85.1.2","58.7","B","","","1"
"2020/2022","Canada","2016A000011124","Professional, scientific and technical services [54]","Total, all enterprise sizes","Business process innovation","Percent","239","units","0","v1271943712","1.85.1.5","69.4","B","","","1"
"2020/2022","Canada","2016A000011124","Professional, scientific and technical services [54]","Total, all enterprise sizes","Non-innovative","Percent","239","units","0","v1271943719","1.85.1.12","21.8","B","","","1"
"2020/2022","Canada","2016A000011124","Legal services [5411]","Total, all enterprise sizes","Innovative","Percent","239","units","0","v1271943756","1.86.1.1","75.4","B","","","1"
"2020/2022","Canada","2016A000011124","Legal services [5411]","Total, all enterprise sizes","Product (good or service) innovation","Percent","239","units","0","v1271943757","1.86.1.2","37.9","E","","","1"
"2020/2022","Canada","2016A000011124","Legal services [5411]","Total, all enterprise sizes","Business process innovation","Percent","239","units","0","v1271943760","1.86.1.5","72.6","B","","","1"
"2020/2022","Canada","2016A000011124","Legal services [5411]","Total, all enterprise sizes","Non-innovative","Percent","239","units","0","v1271943767","1.86.1.12","24.6","B","","","1"
"2020/2022","Canada","2016A000011124","Accounting, tax preparation, bookkeeping and payroll services [5412]","Total, all enterprise sizes","Innovative","Percent","239","units","0","v1271943804","1.87.1.1","69.5","E","","","1"
"2020/2022","Canada","2016A000011124","Accounting, tax preparation, bookkeeping and payroll services [5412]","Total, all enterprise sizes","Product (good or service) innovation","Percent","239","units","0","v1271943805","1.87.1.2","40.1","E","","","1"
"2020/2022","Canada","2016A000011124","Accounting, tax preparation, bookkeeping and payroll services [5412]","Total, all enterprise sizes","Business process innovation","Percent","239","units","0","v1271943808","1.87.1.5","64.0","E","","","1"
"2020/2022","Canada","2016A000011124","Accounting, tax preparation, bookkeeping and payroll services [5412]","Total, all enterprise sizes","Non-innovative","Percent","239","units","0","v1271943815","1.87.1.12","30.5","E","","","1"
"2020/2022","Canada","2016A000011124","Architectural, engineering and related services [5413]","Total, all enterprise sizes","Innovative","Percent","239","units","0","v1271943852","1.88.1.1","81.4","B","","","1"
"2020/2022","Canada","2016A000011124","Architectural, engineering and related services [5413]","Total, all enterprise sizes","Product (good or service) innovation","Percent","239","units","0","v1271943853","1.88.1.2","62.0","E","","","1"
"2020/2022","Canada","2016A000011124","Architectural, engineering and related services [5413]","Total, all enterprise sizes","Business process innovation","Percent","239","units","0","v1271943856","1.88.1.5","73.6","B","","","1"
"2020/2022","Canada","2016A000011124","Architectural, engineering and related services [5413]","Total, all enterprise sizes","Non-innovative","Percent","239","units","0","v1271943863","1.88.1.12","18.6","B","","","1"
"2020/2022","Canada","2016A000011124","Specialized design services and all other professional, scientific and technical services","Total, all enterprise sizes","Innovative","Percent","239","units","0","v1271943900","1.89.1.1","64.4","E","","","1"
"2020/2022","Canada","2016A000011124","Specialized design services and all other professional, scientific and technical services","Total, all enterprise sizes","Product (good or service) innovation","Percent","239","units","0","v1271943901","1.89.1.2","46.2","E","","","1"
"2020/2022","Canada","2016A000011124","Specialized design services and all other professional, scientific and technical services","Total, all enterprise sizes","Business process innovation","Percent","239","units","0","v1271943904","1.89.1.5","52.8","E","","","1"
"2020/2022","Canada","2016A000011124","Specialized design services and all other professional, scientific and technical services","Total, all enterprise sizes","Non-innovative","Percent","239","units","0","v1271943911","1.89.1.12","35.6","E","","","1"
"2020/2022","Canada","2016A000011124","Computer systems design and related services [5415]","Total, all enterprise sizes","Innovative","Percent","239","units","0","v1271943948","1.90.1.1","81.7","B","","","1"
"2020/2022","Canada","2016A000011124","Computer systems design and related services [5415]","Total, all enterprise sizes","Product (good or service) innovation","Percent","239","units","0","v1271943949","1.90.1.2","68.1","E","","","1"
"2020/2022","Canada","2016A000011124","Computer systems design and related services [5415]","Total, all enterprise sizes","Business process innovation","Percent","239","units","0","v1271943952","1.90.1.5","70.5","B","","","1"
"2020/2022","Canada","2016A000011124","Computer systems design and related services [5415]","Total, all enterprise sizes","Non-innovative","Percent","239","units","0","v1271943959","1.90.1.12","18.3","B","","","1"
"2020/2022","Canada","2016A000011124","Management, scientific and technical consulting services [5416]","Total, all enterprise sizes","Innovative","Percent","239","units","0","v1271943996","1.91.1.1","80.7","B","","","1"
"2020/2022","Canada","2016A000011124","Management, scientific and technical consulting services [5416]","Total, all enterprise sizes","Product (good or service) innovation","Percent","239","units","0","v1271943997","1.91.1.2","67.4","E","","","1"
"2020/2022","Canada","2016A000011124","Management, scientific and technical consulting services [5416]","Total, all enterprise sizes","Business process innovation","Percent","239","units","0","v1271944000","1.91.1.5","66.9","B","","","1"
"2020/2022","Canada","2016A000011124","Management, scientific and technical consulting services [5416]","Total, all enterprise sizes","Non-innovative","Percent","239","units","0","v1271944007","1.91.1.12","19.3","B","","","1"
"2020/2022","Canada","2016A000011124","Scientific research and development services [5417]","Total, all enterprise sizes","Innovative","Percent","239","units","0","v1271944044","1.92.1.1","80.9","B","","","1"
"2020/2022","Canada","2016A000011124","Scientific research and development services [5417]","Total, all enterprise sizes","Product (good or service) innovation","Percent","239","units","0","v1271944045","1.92.1.2","66.5","E","","","1"
"2020/2022","Canada","2016A000011124","Scientific research and development services [5417]","Total, all enterprise sizes","Business process innovation","Percent","239","units","0","v1271944048","1.92.1.5","75.2","B","","","1"
"2020/2022","Canada","2016A000011124","Scientific research and development services [5417]","Total, all enterprise sizes","Non-innovative","Percent","239","units","0","v1271944055","1.92.1.12","19.1","B","","","1"
"2020/2022","Canada","2016A000011124","Advertising, public relations and related services [5418]","Total, all enterprise sizes","Innovative","Percent","239","units","0","v1271944092","1.93.1.1","84.8","B","","","1"
"2020/2022","Canada","2016A000011124","Advertising, public relations and related services [5418]","Total, all enterprise sizes","Product (good or service) innovation","Percent","239","units","0","v1271944093","1.93.1.2","58.8","E","","","1"
"2020/2022","Canada","2016A000011124","Advertising, public relations and related services [5418]","Total, all enterprise sizes","Business process innovation","Percent","239","units","0","v1271944096","1.93.1.5","81.9","B","","","1"
"2020/2022","Canada","2016A000011124","Advertising, public relations and related services [5418]","Total, all enterprise sizes","Non-innovative","Percent","239","units","0","v1271944103","1.93.1.12","15.2","B","","","1"
"2020/2022","Canada","2016A000011124","Management of companies and enterprises [55]","Total, all enterprise sizes","Innovative","Percent","239","units","0","v1271944140","1.94.1.1","58.2","B","","","1"
"2020/2022","Canada","2016A000011124","Management of companies and enterprises [55]","Total, all enterprise sizes","Product (good or service) innovation","Percent","239","units","0","v1271944141","1.94.1.2","32.3","B","","","1"
"2020/2022","Canada","2016A000011124","Management of companies and enterprises [55]","Total, all enterprise sizes","Business process innovation","Percent","239","units","0","v1271944144","1.94.1.5","53.9","B","","","1"
"2020/2022","Canada","2016A000011124","Management of companies and enterprises [55]","Total, all enterprise sizes","Non-innovative","Percent","239","units","0","v1271944151","1.94.1.12","41.8","B","","","1"
"2020/2022","Canada","2016A000011124","Administrative and support, waste management and remediation services [56]","Total, all enterprise sizes","Innovative","Percent","239","units","0","v1271944188","1.95.1.1","69.3","B","","","1"
"2020/2022","Canada","2016A000011124","Administrative and support, waste management and remediation services [56]","Total, all enterprise sizes","Product (good or service) innovation","Percent","239","units","0","v1271944189","1.95.1.2","46.1","B","","","1"
"2020/2022","Canada","2016A000011124","Administrative and support, waste management and remediation services [56]","Total, all enterprise sizes","Business process innovation","Percent","239","units","0","v1271944192","1.95.1.5","61.2","B","","","1"
"2020/2022","Canada","2016A000011124","Administrative and support, waste management and remediation services [56]","Total, all enterprise sizes","Non-innovative","Percent","239","units","0","v1271944199","1.95.1.12","30.7","B","","","1"


